Model,MSE,RMSE,MAE,R2,MAPE(%),Sharpe,Sortino,CAGR,MaxDD,Days
LSTM,0.0021266251006355034,0.04611534560897818,0.029345815057857876,-0.8920758090671508,14606.784266980665,1.5182430144923058,2.215250464331542,0.28468484015939155,-0.17219102488620563,189
GRU,0.0016271725236588158,0.040338226580488336,0.027002708530614674,-0.4477087514266467,79005.24566765802,1.146516665993941,1.5703304031565637,0.21490734521155774,-0.19107638454919673,189
RNN,0.00200435439957065,0.04477001674749128,0.02906025466847053,-0.7832905626345017,69130.4685449369,0.8410419927507626,1.0494326298011192,0.1344023886761314,-0.1962628535587253,189
