Model,MSE,RMSE,MAE,R2,MAPE(%),Sharpe,Sortino,CAGR,MaxDD,Days
GRU,0.0005627344944514334,0.023722025513253153,0.015195168554782867,-0.008659005165100098,8733.9111328125,1.5699976021638928,2.089257800746814,0.23362713405587288,-0.14322157331417962,189
LSTM,0.0006018363055773079,0.024532352222673387,0.016092078760266304,-0.07874608039855957,25929.333984375,1.0932788938750493,1.4677867412304724,0.15173390941076947,-0.17102474164116044,189
RNN,0.0006096651195548475,0.02469139768329949,0.01640668511390686,-0.09277856349945068,34387.1015625,0.35571727702886713,0.4053359897757348,0.04788604479526737,-0.29862423659742177,189
