Model,MSE,RMSE,MAE,R2,MAPE(%),Sharpe,Sortino,CAGR,MaxDD,Days
LSTM,0.0006023586029186845,0.024542994986730623,0.015868471935391426,-0.011732816696166992,338.99798583984375,1.7215309486163677,2.5385299503683862,0.30758557633089123,-0.1811836527452687,189
RNN,0.0006222620722837746,0.024945181343974523,0.016066882759332657,-0.04516303539276123,177.2879180908203,1.680002782688906,2.490688722810669,0.34143397295460676,-0.18777621997485328,189
GRU,0.0006111549446359277,0.024721548184446857,0.016084149479866028,-0.02650737762451172,11502.373046875,1.395539950305862,2.0004737759338647,0.27077115587010536,-0.2080879322469078,189
