Portfolio,CAGR,Sharpe,Sortino,MaxDD,Volatility,Days
BL,0.39683532097919727,0.09892674623093525,0.15021079223333766,-0.18784425210559064,0.01444972289478382,178
EW,0.27016490041627605,0.06516939203959153,0.09109524409737156,-0.2312152785249355,0.016654601805153196,178
Sent,0.7193158816176104,0.13136544847330064,0.19594736738525617,-0.2000196799708872,0.01752158344058651,178
